"BehaviorSpace results (NetLogo 7.0.4)","Table version 2.0"
"Virus Taller TDLComputación - Juan Morales.nlogox"
"experimento_final"
"05/30/2026 22:43:21:976 -0500"
"min-pxcor","max-pxcor","min-pycor","max-pycor"
"-17","17","-17","17"
"[run number]","infectiousness","[step]","count turtles with [sick?]"
"2","10","500","0"
"3","10","500","0"
"5","10","500","0"
"4","10","500","0"
"6","10","500","0"
"7","10","500","0"
"8","10","500","0"
"9","10","500","0"
"10","10","500","0"
"11","10","500","0"
"12","10","500","0"
"13","10","500","0"
"14","10","500","0"
"15","10","500","0"
"16","10","500","0"
"17","10","500","0"
"18","10","500","0"
"19","10","500","0"
"20","10","500","0"
"21","10","500","0"
"22","10","500","0"
"23","10","500","0"
"24","10","500","0"
"25","10","500","0"
"26","10","500","0"
"27","10","500","0"
"28","10","500","0"
"29","10","500","0"
"30","10","500","0"
"31","10","500","0"
"32","10","500","0"
"33","10","500","0"
"34","10","500","0"
"35","10","500","0"
"36","10","500","0"
"37","10","500","0"
"38","10","500","0"
"39","10","500","0"
"40","10","500","0"
"41","10","500","0"
"43","10","500","0"
"42","10","500","0"
"44","10","500","0"
"45","10","500","0"
"46","10","500","0"
"47","10","500","0"
"48","10","500","0"
"49","10","500","0"
"50","10","500","0"
"51","20","500","0"
"52","20","500","0"
"53","20","500","0"
"54","20","500","0"
"55","20","500","0"
"56","20","500","0"
"57","20","500","0"
"58","20","500","0"
"59","20","500","0"
"60","20","500","0"
"61","20","500","0"
"63","20","500","0"
"62","20","500","0"
"64","20","500","0"
"65","20","500","0"
"66","20","500","0"
"67","20","500","0"
"69","20","500","0"
"68","20","500","0"
"71","20","500","0"
"70","20","500","0"
"72","20","500","0"
"73","20","500","0"
"74","20","500","0"
"75","20","500","0"
"76","20","500","0"
"77","20","500","0"
"78","20","500","0"
"79","20","500","0"
"80","20","500","0"
"81","20","500","0"
"82","20","500","0"
"83","20","500","0"
"84","20","500","0"
"85","20","500","0"
"86","20","500","0"
"87","20","500","0"
"88","20","500","0"
"89","20","500","0"
"90","20","500","0"
"91","20","500","0"
"92","20","500","0"
"93","20","500","0"
"94","20","500","0"
"95","20","500","0"
"96","20","500","0"
"97","20","500","0"
"98","20","500","0"
"99","20","500","0"
"100","20","500","0"
"101","30","500","0"
"102","30","500","52"
"103","30","500","23"
"104","30","500","0"
"105","30","500","24"
"106","30","500","0"
"107","30","500","0"
"108","30","500","0"
"109","30","500","0"
"110","30","500","0"
"111","30","500","0"
"112","30","500","0"
"113","30","500","0"
"114","30","500","20"
"115","30","500","0"
"116","30","500","14"
"117","30","500","1"
"118","30","500","0"
"119","30","500","19"
"120","30","500","0"
"121","30","500","26"
"122","30","500","26"
"123","30","500","0"
"124","30","500","27"
"125","30","500","0"
"126","30","500","0"
"127","30","500","0"
"128","30","500","0"
"129","30","500","0"
"130","30","500","39"
"131","30","500","37"
"132","30","500","0"
"133","30","500","3"
"134","30","500","20"
"135","30","500","0"
"136","30","500","0"
"137","30","500","0"
"138","30","500","24"
"139","30","500","0"
"140","30","500","0"
"141","30","500","0"
"142","30","500","0"
"143","30","500","0"
"144","30","500","13"
"145","30","500","0"
"146","30","500","0"
"147","30","500","10"
"149","30","500","0"
"148","30","500","45"
"150","30","500","51"
"151","40","500","43"
"152","40","500","42"
"153","40","500","54"
"154","40","500","46"
"155","40","500","46"
"156","40","500","0"
"157","40","500","48"
"158","40","500","44"
"159","40","500","49"
"160","40","500","0"
"161","40","500","34"
"162","40","500","29"
"163","40","500","0"
"164","40","500","21"
"165","40","500","55"
"166","40","500","33"
"167","40","500","18"
"168","40","500","40"
"169","40","500","70"
"170","40","500","61"
"171","40","500","22"
"172","40","500","5"
"173","40","500","58"
"174","40","500","28"
"175","40","500","32"
"176","40","500","74"
"177","40","500","35"
"178","40","500","0"
"179","40","500","42"
"180","40","500","77"
"181","40","500","38"
"182","40","500","36"
"183","40","500","34"
"184","40","500","55"
"185","40","500","8"
"186","40","500","62"
"187","40","500","45"
"188","40","500","46"
"189","40","500","53"
"190","40","500","40"
"191","40","500","58"
"192","40","500","66"
"193","40","500","25"
"194","40","500","73"
"195","40","500","12"
"196","40","500","25"
"197","40","500","18"
"198","40","500","25"
"199","40","500","25"
"1","10","500","0"
"200","40","500","57"
"201","50","500","71"
"203","50","500","76"
"204","50","500","73"
"205","50","500","77"
"206","50","500","71"
"207","50","500","32"
"208","50","500","66"
"209","50","500","46"
"210","50","500","68"
"211","50","500","64"
"212","50","500","61"
"213","50","500","65"
"214","50","500","76"
"215","50","500","53"
"216","50","500","51"
"217","50","500","61"
"218","50","500","0"
"220","50","500","85"
"219","50","500","16"
"222","50","500","51"
"221","50","500","52"
"224","50","500","63"
"223","50","500","52"
"225","50","500","55"
"226","50","500","87"
"227","50","500","61"
"228","50","500","65"
"229","50","500","78"
"230","50","500","86"
"231","50","500","59"
"232","50","500","40"
"233","50","500","118"
"234","50","500","66"
"235","50","500","70"
"236","50","500","72"
"237","50","500","0"
"238","50","500","66"
"239","50","500","36"
"240","50","500","49"
"241","50","500","66"
"242","50","500","50"
"243","50","500","75"
"244","50","500","88"
"245","50","500","0"
"246","50","500","66"
"247","50","500","71"
"248","50","500","41"
"249","50","500","65"
"250","50","500","97"
"251","60","500","75"
"252","60","500","30"
"253","60","500","65"
"254","60","500","61"
"255","60","500","57"
"256","60","500","22"
"257","60","500","55"
"258","60","500","39"
"259","60","500","64"
"260","60","500","61"
"261","60","500","36"
"262","60","500","62"
"263","60","500","76"
"264","60","500","49"
"265","60","500","55"
"266","60","500","42"
"267","60","500","58"
"268","60","500","92"
"269","60","500","40"
"270","60","500","55"
"271","60","500","96"
"272","60","500","35"
"273","60","500","46"
"274","60","500","48"
"275","60","500","52"
"276","60","500","43"
"277","60","500","68"
"278","60","500","60"
"279","60","500","54"
"280","60","500","39"
"281","60","500","39"
"282","60","500","50"
"283","60","500","72"
"284","60","500","69"
"285","60","500","25"
"286","60","500","49"
"287","60","500","13"
"288","60","500","34"
"289","60","500","25"
"290","60","500","29"
"291","60","500","70"
"292","60","500","35"
"293","60","500","27"
"294","60","500","48"
"295","60","500","56"
"296","60","500","61"
"297","60","500","39"
"298","60","500","67"
"299","60","500","28"
"300","60","500","28"
"301","70","500","47"
"302","70","500","63"
"303","70","500","63"
"304","70","500","36"
"305","70","500","27"
"306","70","500","38"
"307","70","500","46"
"308","70","500","49"
"309","70","500","74"
"310","70","500","43"
"311","70","500","65"
"312","70","500","44"
"313","70","500","89"
"314","70","500","52"
"315","70","500","40"
"316","70","500","35"
"317","70","500","59"
"318","70","500","46"
"319","70","500","38"
"320","70","500","61"
"321","70","500","37"
"322","70","500","65"
"323","70","500","37"
"324","70","500","26"
"325","70","500","70"
"326","70","500","54"
"327","70","500","34"
"328","70","500","69"
"329","70","500","35"
"330","70","500","123"
"331","70","500","35"
"332","70","500","60"
"333","70","500","15"
"334","70","500","23"
"335","70","500","37"
"336","70","500","55"
"337","70","500","69"
"338","70","500","116"
"339","70","500","67"
"340","70","500","48"
"341","70","500","47"
"342","70","500","50"
"343","70","500","85"
"344","70","500","59"
"345","70","500","102"
"346","70","500","70"
"347","70","500","72"
"348","70","500","72"
"349","70","500","56"
"350","70","500","51"
"351","80","500","58"
"352","80","500","72"
"353","80","500","77"
"354","80","500","45"
"355","80","500","47"
"356","80","500","27"
"357","80","500","31"
"358","80","500","59"
"359","80","500","40"
"360","80","500","87"
"361","80","500","32"
"362","80","500","16"
"363","80","500","57"
"364","80","500","23"
"365","80","500","54"
"366","80","500","39"
"367","80","500","90"
"368","80","500","36"
"369","80","500","34"
"370","80","500","63"
"371","80","500","31"
"372","80","500","13"
"373","80","500","9"
"374","80","500","28"
"375","80","500","66"
"376","80","500","58"
"377","80","500","19"
"378","80","500","17"
"379","80","500","88"
"380","80","500","61"
"381","80","500","25"
"382","80","500","45"
"383","80","500","56"
"202","50","500","43"
"384","80","500","63"
"385","80","500","80"
"387","80","500","78"
"388","80","500","57"
"389","80","500","49"
"390","80","500","124"
"391","80","500","44"
"392","80","500","36"
"393","80","500","25"
"394","80","500","28"
"395","80","500","61"
"396","80","500","31"
"397","80","500","63"
"398","80","500","14"
"399","80","500","64"
"400","80","500","42"
"401","90","500","94"
"402","90","500","31"
"403","90","500","75"
"404","90","500","49"
"405","90","500","34"
"406","90","500","136"
"407","90","500","89"
"408","90","500","65"
"409","90","500","33"
"410","90","500","138"
"411","90","500","164"
"412","90","500","98"
"413","90","500","3"
"414","90","500","20"
"415","90","500","28"
"416","90","500","80"
"417","90","500","61"
"418","90","500","114"
"419","90","500","39"
"420","90","500","13"
"421","90","500","94"
"422","90","500","47"
"423","90","500","72"
"424","90","500","63"
"425","90","500","35"
"426","90","500","108"
"427","90","500","45"
"428","90","500","45"
"429","90","500","146"
"430","90","500","95"
"431","90","500","96"
"432","90","500","120"
"433","90","500","17"
"434","90","500","133"
"435","90","500","38"
"436","90","500","34"
"437","90","500","101"
"438","90","500","59"
"439","90","500","66"
"440","90","500","94"
"441","90","500","47"
"442","90","500","46"
"443","90","500","114"
"444","90","500","43"
"445","90","500","57"
"446","90","500","122"
"447","90","500","52"
"448","90","500","11"
"449","90","500","129"
"450","90","500","54"
"386","80","500","52"
